name,tier,adaptor,apex_predator,attuned,avatar,blossom,bounty_seeker,brawler,caustic,coven,defender,elderwood,eldritch,emerald_aspect,executioner,fae,flora_fatalis,greenfather,hunter,inferno,invoker,juggernaut,lunar,monolith,old_growth,primal,rapidfire,ravager,riftbeast,rival,solar,spellweaver,sprykin,summoner,thornmaiden,vanguard
Akali,1,x,,,,,,,,,,,,,,,,,,x,,,,,,,,x,,,,,,,,
Camille,1,,,,,,,,x,,,,,,,,,,,,,,,,,,x,,,,,,,,
Cinderling,1,,,,,,,,,,,,,,,,,,x,,,,,,,,,x,,,,,,,
Karma,1,,,,,x,,,,,,,,,,,,,,,,,,,,,,,,,x,,,,,
Kobuko,1,,,,,,,x,,,,,,,,,,,,,,,,,,,,,,,,,x,,,,
Leona,1,,,,,,,,,,x,,,,,,,,,,,,,,,,,,,x,,,,,,,
Ornn,1,,,,,,,,,,,,x,,,,,,,,,,,,,,,,,,,,,,,,x
Pebbles,1,,,,,,,,,,,,,,,,,,,,x,,,,,,,,x,,,,,,,
Rakan,1,,,,,,,,,,,,,,,,x,,,,,,,,x,,,,,,,,,,,,x
Rek'Sai,1,,,,,,,,,,,,,x,,,,,,,,,,,,,,,,x,,,,,,,,
Varus,1,,,,,,,,,,,,,,,,,,,x,,,,,,,,x,,,,,,,,,
Veigar,1,,,,,,,,,,,,,x,,,,,,,,,,,,x,,,,,,,,,x,,,
Xayah,1,,,,,,,,,,,,x,,,,x,,,,,,,,,,,,,x,,,,,,,,,
Yorick,1,,,,,x,,,,,,,,,,,,,,,,,,,,x,,,,,,,,,,,,x,,
Alistar,2,,,,,,,x,,,,x,,,,,,,,,,,,,,,,,,,,,,,,,,
Caitlyn,2,,,,,,,,x,,,,,,,,,,,,x,,,,,,,,,,,,,,,,,
Elise,2,,,,,,,,x,,,,,,,,,,,,,,,,,,,,,,,,,,,,,,,x
Gromp,2,x,,,,,,,,,,,,,,,,,,,,,,,,,,,x,,,,,,,
Kayle,2,,,,,,,,,,,,,,,,,,,,,,,,,,,,,,x,,,,x,,,,,
LeBlanc,2,,,,,,,,,,,,x,,,,,,,,,,,,,,,,,,,,x,,,,,
Murkwolf,2,,,,,,,,,,,,,,,,,,,,,,,,,,,x,x,,,,,,,,
Scuttlecrab,2,,,,,,,,,,,,,,,,,,,,,,x,,,,,,,,x,,,,,,,
Sejuani,2,,,,,,,,,,,,,,,,,,,,,,x,,,,,,,,x,,,,,,,,,
Shen,2,,,,,,,,,,x,,,,,,,,,,x,,,,,,,,,,,,,,,,,
Teemo,2,,,,,,,,,,,,,,,,,,,,x,,,,,,,,,,,,,x,,,,,
Warwick,2,,,,,,,,,,,,,x,,,,,,,,,,,,,,,,x,,,,,,,,
Yunara,2,,,,,x,,,,,,,,,,,x,,,,,,,,,,,,,,,,,,,,,
Azir,3,,,,,,,,,,,,,x,,,,x,,,,,,,,,,,,,,,,,,x,,,
Cassiopeia,3,,,,,,,,x,,,,,,,,,,,,,,,,,,,,,,,,,,x,,,,
Diana,3,,,,,,,,,,,,,,,,,,,,,,,,,,,x,,,,x,,,,,x
Fiddlesticks,3,,,,,,,,,,,x,,,,,,,x,,,,x,,,,,,,,,,,,x,,,
Hecarim,3,,,,,,,,,,,,x,,,,,,,,,,,,,,,,,,,,,,,,,,,x
Kha'Zix,3,,,,,,,,,,,,,,,,,,,,,,,,,,,,,x,,,,,,,,
Kog'Maw,3,x,,,,,,,,x,,,,,,,,,,,,x,,,,,,,,,,,,,,,,,
Krug,3,,,,,,,,,,,,,,,,,,,,,,x,,,,,,,,x,,,,,,,,
Master Yi,3,x,,,,,x,,,,,,,,,,,,,,,,,,,,,,,,,,,,,,,,
Rammus,3,,,,,,,,,,x,,,,,,,,,,,,,,,,,,,,,,,,,,,x,,
Raptor,3,,,,,,,,,,,,,,,,,,,,x,,,,,,,,,x,,,,x,,,
Rengar,3,,,,,,,,,,,,,,,,,,,,,,,,,,,,,x,,,,,,,,
Tristana,3,,,,,,,,,,,,,,,,x,,,,x,,,,,,,,,,,,,x,,,,,
Vi,3,,,,,,,,,,,,,,,,,,,,,,,x,,,,,,,,x,,,,,,,,
Ahri,4,,,,,x,,,,,,,,,,,,,,,,,,,,,,,,,x,,,,,
Amumu,4,,,,,,,,,,,,,,,,,,,x,,,,,,,,,,,,x,,,,,,,
Ancient Sentinel,4,,,,,,,,,,,,,,,,,,,,x,,,,,,,,x,,,,,x,,,x
Aphelios,4,,,,,,,,,,,,,,,,,,,,,,,x,,,,,,,,x,,,,,,,
Brambleback,4,,,,,,,,,,,,,,,,,,,,,,,,,,,x,x,,,,,,,,
Ezreal,4,,,,,,,,,,,,x,,,,,x,,,,,,,,,,,,,,,,,,,,,
Lillia,4,,,,,,,,,,x,,,,,,x,,,,,,,,,,,,,,,,,,,,,,,
Malphite,4,,,,,,,,,,,,,x,,,,,,,,,,,,x,,,,,,,,,,,,
Morgana,4,,,,,,,,x,,,,,,,,,,,,x,,,,,,,,,,,,,,x,,,,
Nidalee,4,x,,,,,,,,,,,,,,,,,,,,,,,x,,,,,,,,,,,,,
Sett,4,,,,,x,,x,,,,,,,,,,,,,,,,,,,,,,,,,,,,,,
Sivir,4,,,,,,,,,,,,,,,,,,,,x,,,,,,,x,,,,,,,,,,,
Soraka,4,,,,,,,,,,,,,,,,,x,,,,,,,,x,,,,,,,,,,,,,
Zyra,4,,,,,,,,,,,,,,,,,,,,,,,,,,,,,,,,,x,,,,x,
Alune,5,,,x,,,,,,,,,,,,,,,,,,,,,,x,,,,,,,,,x,,,,,
Ashe,5,,,,,x,,,,,,,,,,,,,,,,,,x,,,,,,,,,,,,,,,,,
Draven,5,,,,,,x,,,,,,,,,,,,,,,,,,,,,,,,,,,,,,,,,
The Elder Dragon,5,,x,,,,,,,,,,,,,,,,,,,,,,,,,,x,,,,,,,,,
Gnar,5,,,,,,,x,,,,x,,,,,,,x,,,,,,,,,,,,,,,,,x,,,,
Ivern,5,,,,,,,,,,,,,,,,,,x,,,,,,,,,,,,,,,,,,,,,
Kennen,5,,,,,,,,,,,,,,,,,,,,x,,,,,x,,,,,,,,,,,,,
Lux,5,,,,x,,x,,,,x,,,x,,,,x,,,,x,,,x,,,x,,,,x,,,,x,,,x,,,
Maokai,5,,,,,,,,,,,,,,,,,,,,,,x,,,,x,,,,,,,,,,,,,
Taric,5,,,,,,,,,,,,,,x,,,,,,,,,,,,,,,,,,,,,,,,,x
